maintenance_id,building_id,maintenance_date,equipment_type,issue_type,downtime_hours,maintenance_cost
1,B001,2023-07-10,Electrical,Emergency,6.9,8530.28
2,B001,2024-06-04,Electrical,Emergency,3.3,5916.35
3,B002,2022-10-01,HVAC,Emergency,16.9,7480.87
4,B002,2023-12-14,HVAC,Emergency,16.2,5322.93
5,B003,2024-12-12,Electrical,Emergency,15.7,3201.99
6,B003,2023-10-22,Boiler,Emergency,14.8,7317.43
7,B004,2021-09-15,Boiler,Emergency,3.7,2043.73
8,B005,2021-02-28,Boiler,Emergency,16.4,6773.28
9,B005,2023-12-03,Boiler,Emergency,14.8,6125.92
10,B006,2020-08-11,Electrical,Emergency,7.7,7893.73
11,B006,2021-10-29,HVAC,Emergency,13.8,8596.84
12,B006,2023-04-30,Boiler,Emergency,8.2,1244.19
13,B006,2021-06-23,HVAC,Emergency,15.7,2852.08
14,B007,2021-01-18,Boiler,Emergency,12.3,1703.04
15,B007,2021-06-12,Electrical,Emergency,5.1,4433.4
16,B008,2020-06-15,Lighting,Emergency,12.0,8980.87
17,B008,2024-04-08,Electrical,Emergency,11.1,5317.42
18,B009,2022-05-01,Boiler,Emergency,11.2,7991.39
19,B009,2022-04-03,Boiler,Emergency,11.4,8734.16
20,B010,2022-03-24,Boiler,Emergency,11.1,6545.92
21,B010,2020-04-14,Boiler,Emergency,11.8,6425.78
22,B010,2022-09-25,HVAC,Emergency,7.9,6657.35
23,B011,2020-11-12,HVAC,Emergency,5.2,4547.0
24,B011,2024-08-12,Boiler,Emergency,9.3,6814.74
25,B012,2024-02-23,Lighting,Emergency,13.8,1919.7
26,B012,2020-04-05,Lighting,Emergency,13.5,8758.69
27,B013,2020-08-02,HVAC,Emergency,9.6,5582.34
28,B013,2024-02-22,Lighting,Emergency,12.1,5438.59
29,B013,2022-06-11,Electrical,Emergency,5.9,1871.37
30,B014,2024-11-17,Lighting,Emergency,7.2,801.59
31,B014,2020-04-24,Lighting,Emergency,5.2,2844.26
32,B015,2021-11-04,Lighting,Emergency,10.7,3224.96
33,B015,2024-05-28,HVAC,Emergency,7.1,3097.2
34,B016,2020-02-09,Boiler,Emergency,2.8,1919.43
35,B016,2022-07-21,Boiler,Emergency,2.3,8340.53
36,B016,2021-06-29,Lighting,Emergency,3.8,1517.23
37,B017,2022-08-11,HVAC,Emergency,3.3,6121.7
38,B018,2021-04-24,HVAC,Emergency,12.2,5139.11
39,B019,2020-04-30,Lighting,Emergency,9.6,8597.05
40,B019,2023-06-17,Lighting,Emergency,8.2,2493.9
41,B019,2022-01-09,Boiler,Emergency,17.9,840.71
42,B020,2020-12-27,Boiler,Emergency,4.6,3082.72
43,B020,2021-06-30,Boiler,Emergency,10.4,5717.44
44,B020,2024-09-29,Boiler,Emergency,15.0,8397.17
45,B021,2021-09-22,HVAC,Emergency,15.3,8039.29
46,B022,2024-10-20,Electrical,Emergency,7.1,2014.89
47,B023,2023-05-24,HVAC,Emergency,16.2,7132.57
48,B023,2020-07-31,HVAC,Emergency,4.9,5408.61
49,B024,2020-02-05,Electrical,Emergency,6.2,990.88
50,B024,2021-03-12,Boiler,Emergency,9.9,6077.26
51,B024,2023-12-27,HVAC,Emergency,13.7,4498.13
52,B025,2022-06-02,Boiler,Emergency,17.3,3709.47
53,B025,2023-12-30,Boiler,Emergency,7.2,5550.53
54,B026,2024-07-02,Boiler,Emergency,4.0,5276.62
55,B026,2023-08-09,Electrical,Emergency,8.6,1045.02
56,B026,2024-01-12,Electrical,Emergency,15.6,2434.79
57,B027,2021-01-12,Electrical,Emergency,4.8,4676.01
58,B027,2024-03-23,Boiler,Emergency,15.6,3925.21
59,B028,2020-05-31,Boiler,Emergency,13.9,4287.24
60,B029,2023-05-15,Boiler,Emergency,6.9,2213.74
61,B030,2024-09-21,Boiler,Emergency,2.2,5068.1
62,B030,2023-08-24,HVAC,Emergency,10.1,6589.46
63,B031,2023-05-01,Lighting,Emergency,10.1,6949.27
64,B031,2020-07-18,HVAC,Emergency,10.7,2953.14
65,B032,2023-04-10,Lighting,Emergency,9.8,1294.18
66,B033,2020-01-27,Boiler,Emergency,11.9,7065.35
67,B034,2023-04-25,Boiler,Emergency,16.0,7999.47
68,B034,2020-12-14,Electrical,Emergency,12.9,2081.85
69,B035,2020-05-07,Boiler,Emergency,5.9,4851.55
70,B035,2024-06-24,Electrical,Emergency,3.7,8857.49
71,B035,2022-01-28,Boiler,Emergency,16.6,4975.68
72,B036,2024-01-10,Electrical,Emergency,7.2,6238.28
73,B036,2022-08-26,Lighting,Emergency,16.2,6512.92
74,B036,2022-01-30,Lighting,Emergency,2.1,4420.32
75,B037,2023-07-11,HVAC,Emergency,2.8,5061.63
76,B037,2022-10-31,Lighting,Emergency,13.5,6054.71
77,B038,2020-01-03,Boiler,Emergency,13.2,5221.12
78,B038,2022-06-28,HVAC,Emergency,3.4,812.94
79,B039,2021-12-15,Electrical,Emergency,16.5,8607.03
80,B039,2021-11-20,HVAC,Emergency,9.0,4307.51
81,B039,2022-07-29,HVAC,Emergency,9.0,5384.5
82,B040,2020-05-25,Boiler,Emergency,12.7,3337.96
83,B040,2022-11-12,Boiler,Emergency,13.0,5920.39
84,B041,2020-11-17,Electrical,Emergency,17.1,8723.36
85,B042,2021-05-29,Electrical,Emergency,8.7,2132.72
86,B042,2020-12-09,Lighting,Emergency,2.8,6448.0
87,B042,2022-01-26,Electrical,Emergency,12.5,6304.5
88,B043,2023-04-04,Boiler,Emergency,16.3,4413.86
89,B044,2022-12-20,Electrical,Emergency,3.3,6062.75
90,B044,2023-04-17,Lighting,Emergency,16.6,5314.36
91,B045,2020-02-17,HVAC,Emergency,9.5,6837.43
92,B046,2021-05-19,Electrical,Emergency,15.0,3222.55
93,B046,2024-07-26,Lighting,Emergency,14.9,4559.73
94,B046,2023-07-23,Electrical,Emergency,17.2,6323.8
95,B046,2023-02-01,HVAC,Emergency,12.7,3306.05
96,B047,2020-06-12,Boiler,Emergency,7.8,2551.46
97,B047,2022-02-11,Lighting,Emergency,8.0,4608.54
98,B047,2021-04-05,Boiler,Emergency,6.6,7295.43
99,B047,2020-05-15,Lighting,Emergency,3.7,5009.43
100,B048,2021-09-03,Lighting,Emergency,3.2,8740.95
101,B049,2024-12-31,Lighting,Emergency,15.4,1331.73
102,B049,2024-04-07,Electrical,Emergency,4.3,3122.39
103,B049,2022-09-20,HVAC,Emergency,13.5,7857.43
104,B050,2022-09-11,Electrical,Emergency,8.1,2195.37
105,B050,2022-06-24,Electrical,Emergency,17.9,4802.35
106,B050,2020-12-30,HVAC,Emergency,2.2,8205.64
107,B001,2023-02-23,Boiler,Corrective,4.7,1516.04
108,B001,2020-01-21,Boiler,Corrective,5.7,823.87
109,B001,2023-05-30,Lighting,Preventive,3.7,2375.37
110,B001,2024-09-24,Lighting,Preventive,4.5,2184.33
111,B001,2020-09-10,Elevator,Preventive,5.0,756.15
112,B001,2021-10-08,Boiler,Preventive,3.2,2637.32
113,B001,2024-08-08,HVAC,Preventive,5.6,499.35
114,B001,2022-03-11,Lighting,Preventive,4.6,1430.2
115,B001,2023-03-05,Electrical,Preventive,3.5,1129.65
116,B001,2024-05-22,Boiler,Corrective,1.8,1309.86
117,B001,2023-05-22,HVAC,Preventive,5.8,441.0
118,B002,2022-09-12,Lighting,Corrective,3.8,428.24
119,B002,2024-02-17,Electrical,Corrective,1.8,2980.05
120,B002,2021-09-02,Lighting,Corrective,0.8,2729.8
121,B002,2024-10-14,Electrical,Preventive,2.4,190.59
122,B002,2024-09-14,Elevator,Preventive,3.1,2518.53
123,B002,2022-12-07,Boiler,Corrective,1.3,2849.75
124,B002,2021-06-23,Boiler,Preventive,5.4,788.72
125,B002,2024-02-15,Elevator,Corrective,4.5,395.26
126,B002,2024-01-22,Boiler,Preventive,0.8,1143.59
127,B002,2020-12-28,Elevator,Corrective,5.6,672.39
128,B002,2022-09-30,Electrical,Corrective,3.3,2669.8
129,B002,2022-02-16,Electrical,Corrective,6.0,981.35
130,B002,2022-04-19,Boiler,Corrective,4.4,2265.81
131,B003,2023-12-10,Lighting,Preventive,5.3,1721.83
132,B003,2020-11-24,HVAC,Preventive,1.8,1945.03
133,B003,2023-09-22,Elevator,Corrective,3.2,1642.41
134,B003,2022-04-09,HVAC,Corrective,2.2,2292.71
135,B003,2023-07-09,Lighting,Preventive,5.5,250.59
136,B003,2020-08-27,Elevator,Preventive,1.6,2586.15
137,B003,2022-01-11,Lighting,Corrective,4.6,488.51
138,B003,2024-05-01,Lighting,Corrective,2.4,2321.44
139,B003,2022-12-14,Boiler,Preventive,4.7,2476.84
140,B003,2023-12-07,Electrical,Preventive,5.4,419.74
141,B003,2022-12-24,Electrical,Preventive,1.8,1805.29
142,B003,2023-03-29,Electrical,Corrective,5.0,1118.18
143,B003,2022-03-17,Lighting,Corrective,1.2,336.98
144,B003,2021-01-21,Electrical,Corrective,2.7,638.01
145,B004,2024-08-03,Lighting,Preventive,2.2,2394.3
146,B004,2020-07-21,Lighting,Corrective,3.5,405.63
147,B004,2020-10-29,Boiler,Preventive,3.7,1641.83
148,B004,2023-10-01,Boiler,Corrective,0.6,1668.56
149,B004,2024-12-07,HVAC,Preventive,1.9,1686.67
150,B004,2020-08-07,HVAC,Preventive,4.1,1682.99
151,B004,2023-09-02,HVAC,Corrective,3.4,179.62
152,B004,2021-10-03,Elevator,Preventive,3.9,1115.25
153,B004,2022-07-10,Lighting,Corrective,3.1,801.38
154,B004,2024-07-26,HVAC,Corrective,6.0,2802.19
155,B004,2020-11-18,Lighting,Preventive,4.8,2431.46
156,B005,2020-11-09,Boiler,Corrective,2.6,185.87
157,B005,2024-03-21,Lighting,Preventive,5.4,715.03
158,B005,2023-05-18,Electrical,Preventive,2.9,1143.92
159,B005,2022-11-01,Electrical,Preventive,1.1,706.11
160,B005,2022-08-06,HVAC,Preventive,1.3,691.37
161,B005,2021-06-02,HVAC,Preventive,0.6,2919.49
162,B005,2021-11-06,Elevator,Preventive,3.5,1262.39
163,B005,2020-07-06,Elevator,Preventive,3.9,1888.66
164,B005,2020-12-11,Lighting,Preventive,2.0,2667.08
165,B005,2021-03-29,Electrical,Preventive,1.7,2558.62
166,B005,2021-02-16,HVAC,Preventive,5.0,198.56
167,B005,2024-09-01,Boiler,Corrective,4.6,769.24
168,B005,2023-09-16,Electrical,Preventive,2.2,817.23
169,B006,2020-06-24,Electrical,Preventive,2.6,2408.12
170,B006,2020-08-04,Boiler,Corrective,1.7,2661.21
171,B006,2024-12-02,Elevator,Corrective,5.8,2365.16
172,B006,2021-12-30,Boiler,Preventive,4.8,1357.84
173,B006,2022-04-01,Boiler,Corrective,5.1,1221.86
174,B006,2021-12-29,Elevator,Corrective,5.2,235.06
175,B006,2022-12-19,Lighting,Preventive,2.5,2462.59
176,B006,2022-12-15,Lighting,Preventive,3.1,2327.82
177,B006,2023-09-28,Lighting,Preventive,5.3,1488.88
178,B006,2021-08-03,Boiler,Corrective,0.7,1241.01
179,B006,2020-07-05,HVAC,Preventive,2.8,1668.62
180,B006,2023-03-02,Lighting,Preventive,4.3,2987.29
181,B006,2024-11-27,Lighting,Preventive,5.5,2589.79
182,B007,2021-11-05,Electrical,Corrective,4.5,2559.32
183,B007,2022-02-20,Elevator,Corrective,4.3,2039.75
184,B007,2021-06-13,Electrical,Corrective,3.7,967.88
185,B007,2022-12-06,HVAC,Corrective,0.8,2060.65
186,B007,2022-10-19,HVAC,Preventive,2.0,379.39
187,B007,2021-05-22,HVAC,Corrective,2.0,2234.04
188,B007,2020-07-17,Boiler,Preventive,4.0,1120.29
189,B007,2024-03-05,HVAC,Preventive,3.1,1819.86
190,B007,2023-01-03,Electrical,Preventive,2.9,892.28
191,B007,2022-08-19,Lighting,Preventive,2.5,2357.16
192,B008,2021-02-10,Electrical,Preventive,1.2,1833.66
193,B008,2022-04-16,Lighting,Corrective,0.7,184.72
194,B008,2021-10-18,HVAC,Preventive,3.6,1146.37
195,B008,2022-01-28,Elevator,Corrective,5.3,1403.49
196,B008,2024-12-22,HVAC,Preventive,3.7,2346.19
197,B008,2021-12-03,Lighting,Preventive,0.5,625.04
198,B008,2024-07-11,Elevator,Preventive,5.3,777.99
199,B008,2024-09-01,Boiler,Preventive,5.7,649.63
200,B009,2021-01-21,Boiler,Corrective,1.7,1313.08
201,B009,2020-07-13,HVAC,Preventive,4.4,176.49
202,B009,2023-09-11,Elevator,Preventive,3.7,2358.17
203,B009,2021-10-19,Boiler,Preventive,4.7,344.43
204,B009,2020-03-31,HVAC,Corrective,1.6,1667.19
205,B009,2022-09-28,Boiler,Corrective,5.1,1559.08
206,B009,2024-07-10,Electrical,Corrective,4.3,1600.59
207,B009,2020-02-20,HVAC,Preventive,2.2,1829.19
208,B009,2023-05-06,Elevator,Preventive,4.3,1839.62
209,B009,2022-01-13,Boiler,Corrective,5.4,2730.23
210,B010,2023-04-08,Elevator,Corrective,3.6,2733.27
211,B010,2021-04-17,Lighting,Corrective,2.1,371.26
212,B010,2023-11-17,Lighting,Preventive,2.9,300.92
213,B010,2024-02-04,Lighting,Preventive,3.5,2815.61
214,B010,2023-12-15,Elevator,Preventive,4.2,518.54
215,B010,2023-12-23,Electrical,Corrective,2.3,1820.44
216,B010,2020-09-11,Electrical,Preventive,0.6,2481.64
217,B010,2022-02-02,HVAC,Corrective,1.2,1747.49
218,B010,2022-04-09,Lighting,Preventive,3.7,2162.11
219,B010,2024-03-26,Electrical,Preventive,0.6,2791.35
220,B010,2024-12-29,Elevator,Preventive,4.0,2365.82
221,B010,2021-05-05,Lighting,Preventive,5.2,2556.66
222,B010,2023-05-24,HVAC,Preventive,5.8,1739.27
223,B010,2022-09-08,HVAC,Preventive,5.9,1808.91
224,B010,2024-09-03,HVAC,Preventive,5.4,1225.96
225,B011,2020-01-24,Lighting,Preventive,3.8,1884.36
226,B011,2024-07-05,Lighting,Preventive,5.7,668.8
227,B011,2023-12-02,Elevator,Corrective,3.4,929.72
228,B011,2020-10-28,Electrical,Preventive,5.8,906.06
229,B011,2021-05-03,Elevator,Preventive,1.9,2434.31
230,B011,2024-03-15,Lighting,Corrective,5.8,2086.16
231,B011,2020-05-22,Electrical,Preventive,3.9,405.98
232,B011,2020-12-21,Boiler,Preventive,3.4,1845.82
233,B012,2024-10-21,Lighting,Preventive,3.1,756.62
234,B012,2022-08-12,Electrical,Preventive,5.2,2401.27
235,B012,2024-02-07,Boiler,Preventive,4.4,400.7
236,B012,2020-03-30,HVAC,Preventive,5.8,2303.96
237,B012,2023-10-16,Elevator,Preventive,1.0,1353.29
238,B012,2021-03-11,Electrical,Corrective,4.8,2822.47
239,B012,2023-05-31,Electrical,Corrective,0.9,2440.55
240,B012,2022-12-17,HVAC,Corrective,4.1,668.43
241,B012,2024-01-29,HVAC,Preventive,5.1,2174.85
242,B012,2020-03-24,Elevator,Corrective,5.1,1229.63
243,B012,2023-01-21,Boiler,Preventive,3.8,196.69
244,B012,2024-06-02,Lighting,Preventive,5.7,1981.23
245,B012,2023-09-10,HVAC,Corrective,0.7,1517.25
246,B012,2024-05-20,Boiler,Preventive,1.8,2051.0
247,B012,2020-11-21,Lighting,Corrective,3.8,623.31
248,B013,2024-10-31,HVAC,Preventive,5.5,564.86
249,B013,2024-11-20,HVAC,Preventive,4.5,2142.09
250,B013,2023-10-11,Electrical,Corrective,4.7,539.98
251,B013,2021-05-03,Electrical,Preventive,3.9,709.63
252,B013,2020-11-01,Elevator,Corrective,2.1,1005.38
253,B013,2023-03-31,Elevator,Corrective,2.9,1641.06
254,B013,2022-11-22,Elevator,Preventive,5.5,409.42
255,B013,2022-02-04,Elevator,Preventive,0.7,1662.45
256,B013,2020-09-17,Electrical,Corrective,3.7,1102.23
257,B014,2023-07-03,Elevator,Corrective,5.3,2330.71
258,B014,2021-01-05,Elevator,Preventive,1.4,594.4
259,B014,2021-12-10,Electrical,Preventive,3.3,1442.94
260,B014,2023-03-21,Lighting,Preventive,3.9,626.56
261,B014,2020-06-01,Elevator,Preventive,3.5,492.26
262,B014,2023-06-02,Boiler,Preventive,2.1,2335.92
263,B014,2023-12-03,Lighting,Corrective,5.6,1535.69
264,B014,2021-08-19,HVAC,Preventive,2.3,784.88
265,B014,2024-10-11,Lighting,Preventive,2.4,2586.45
266,B014,2021-07-02,HVAC,Corrective,1.3,679.77
267,B014,2021-01-07,Boiler,Corrective,2.0,2626.22
268,B014,2023-10-19,Elevator,Corrective,5.9,2591.41
269,B015,2021-06-10,Elevator,Preventive,3.2,1402.39
270,B015,2020-11-16,Lighting,Corrective,3.7,2802.92
271,B015,2020-08-19,Electrical,Corrective,1.5,1358.11
272,B015,2022-05-12,Boiler,Corrective,5.2,748.89
273,B015,2020-11-01,Lighting,Preventive,2.5,867.99
274,B015,2022-11-30,Lighting,Preventive,4.7,1029.27
275,B015,2020-08-23,Boiler,Preventive,3.7,2366.33
276,B015,2021-10-07,Lighting,Preventive,3.1,939.87
277,B015,2023-04-18,HVAC,Preventive,2.0,321.42
278,B015,2022-08-10,Lighting,Corrective,2.9,2838.39
279,B015,2021-06-12,Elevator,Preventive,2.1,1241.87
280,B015,2022-04-03,Electrical,Preventive,1.2,2590.5
281,B015,2021-11-16,Lighting,Corrective,2.5,1555.09
282,B015,2023-11-27,Lighting,Preventive,5.3,950.39
283,B015,2024-01-16,Boiler,Preventive,0.7,1889.68
284,B016,2022-11-12,Elevator,Preventive,2.9,1365.07
285,B016,2022-01-21,HVAC,Preventive,1.4,715.11
286,B016,2024-10-28,Elevator,Corrective,1.5,393.77
287,B016,2020-04-03,HVAC,Preventive,2.1,2147.7
288,B016,2021-02-21,Boiler,Preventive,5.9,704.13
289,B016,2021-01-19,HVAC,Corrective,1.0,1185.02
290,B016,2021-08-29,HVAC,Preventive,3.7,768.49
291,B016,2020-12-25,Boiler,Corrective,5.3,1586.0
292,B016,2022-01-31,HVAC,Preventive,4.0,1909.37
293,B016,2020-08-30,Lighting,Corrective,4.1,2366.56
294,B016,2024-10-25,Boiler,Corrective,3.5,238.64
295,B016,2023-11-15,Elevator,Corrective,5.5,2314.06
296,B016,2020-01-29,Electrical,Preventive,2.1,2945.65
297,B016,2022-02-25,HVAC,Corrective,3.1,785.15
298,B016,2020-11-19,Elevator,Corrective,3.2,1344.46
299,B017,2021-09-21,HVAC,Preventive,2.2,2579.39
300,B017,2021-05-03,Elevator,Corrective,5.6,474.95
301,B017,2021-07-18,Electrical,Preventive,1.8,329.26
302,B017,2020-01-16,HVAC,Preventive,2.3,805.01
303,B017,2022-12-03,Lighting,Preventive,4.9,1014.97
304,B017,2021-10-08,Lighting,Preventive,1.1,2465.18
305,B017,2021-08-16,Lighting,Preventive,1.3,374.09
306,B017,2021-01-11,Elevator,Preventive,3.4,736.55
307,B018,2021-08-27,Elevator,Preventive,2.0,2677.4
308,B018,2023-03-28,Elevator,Preventive,0.5,2665.4
309,B018,2020-07-24,HVAC,Corrective,2.9,681.09
310,B018,2023-11-24,Elevator,Corrective,2.3,1581.4
311,B018,2020-06-07,Electrical,Preventive,3.2,1690.35
312,B018,2024-09-14,Lighting,Corrective,4.0,1482.45
313,B018,2020-07-16,HVAC,Corrective,5.2,2859.98
314,B018,2024-07-25,HVAC,Corrective,3.1,2094.43
315,B019,2023-11-12,Electrical,Corrective,5.0,710.4
316,B019,2024-12-29,HVAC,Preventive,5.1,811.93
317,B019,2024-11-05,Elevator,Preventive,1.1,1200.41
318,B019,2024-11-10,HVAC,Corrective,5.2,1044.66
319,B019,2021-08-03,Boiler,Preventive,0.9,589.51
320,B019,2022-03-24,Electrical,Preventive,4.9,2558.05
321,B019,2023-08-11,Lighting,Preventive,4.3,633.07
322,B019,2023-12-28,Elevator,Preventive,2.5,252.55
323,B019,2021-07-07,Lighting,Corrective,3.4,2723.47
324,B019,2021-02-01,Electrical,Preventive,5.3,1856.71
325,B019,2022-09-06,Elevator,Preventive,2.9,587.83
326,B019,2020-04-02,HVAC,Preventive,1.6,2158.86
327,B019,2021-03-27,Boiler,Preventive,1.5,1888.15
328,B019,2022-03-15,Boiler,Corrective,5.4,2712.84
329,B020,2022-09-14,Elevator,Corrective,4.2,1427.97
330,B020,2022-10-31,HVAC,Preventive,5.9,1152.96
331,B020,2021-07-17,Elevator,Preventive,5.7,259.71
332,B020,2020-01-26,Elevator,Preventive,1.0,1207.16
333,B020,2023-11-06,Boiler,Corrective,5.8,2873.71
334,B020,2024-07-17,Lighting,Preventive,1.2,2204.66
335,B020,2021-01-13,HVAC,Preventive,1.5,894.22
336,B020,2024-05-02,Boiler,Preventive,1.2,820.46
337,B020,2020-10-28,Elevator,Preventive,5.0,1431.02
338,B020,2024-12-05,Lighting,Corrective,3.2,2716.49
339,B020,2024-02-25,Electrical,Corrective,3.0,999.65
340,B021,2023-09-05,Lighting,Corrective,3.6,1765.32
341,B021,2022-11-04,Lighting,Preventive,2.7,1485.59
342,B021,2022-08-26,Lighting,Corrective,2.9,2746.64
343,B021,2022-08-18,Elevator,Preventive,5.1,947.86
344,B021,2022-02-21,Elevator,Corrective,5.1,1521.64
345,B021,2022-04-06,Electrical,Preventive,5.0,1763.69
346,B021,2022-09-14,Elevator,Preventive,1.2,1501.8
347,B021,2021-06-29,Boiler,Corrective,1.0,1923.1
348,B021,2021-06-22,HVAC,Corrective,3.2,2249.01
349,B021,2022-11-07,Elevator,Corrective,5.4,2819.69
350,B021,2023-07-31,Boiler,Preventive,4.4,1090.8
351,B021,2021-06-09,Electrical,Corrective,2.7,1025.71
352,B021,2024-11-04,Boiler,Corrective,3.5,391.08
353,B021,2020-05-28,HVAC,Preventive,4.1,2137.39
354,B021,2021-05-16,Electrical,Corrective,5.2,369.32
355,B022,2020-06-11,Electrical,Corrective,5.9,1355.89
356,B022,2021-01-11,HVAC,Preventive,5.2,2650.2
357,B022,2022-02-12,Electrical,Preventive,5.0,2373.0
358,B022,2023-10-24,Electrical,Preventive,6.0,2415.93
359,B022,2024-02-09,Electrical,Corrective,4.6,529.18
360,B022,2024-07-10,Electrical,Preventive,5.9,1735.64
361,B022,2023-08-16,Boiler,Corrective,5.9,1559.25
362,B022,2020-12-09,Electrical,Preventive,0.7,2574.86
363,B022,2024-08-06,Lighting,Corrective,4.6,1016.37
364,B022,2020-10-06,Electrical,Corrective,5.6,2178.73
365,B022,2021-08-14,HVAC,Preventive,4.3,1603.34
366,B022,2024-08-09,Electrical,Corrective,2.8,1208.99
367,B023,2021-06-22,Boiler,Corrective,2.9,2464.97
368,B023,2020-05-02,Boiler,Preventive,5.0,2496.65
369,B023,2020-11-14,Boiler,Corrective,2.2,2776.09
370,B023,2021-09-19,Elevator,Preventive,2.4,1624.65
371,B023,2022-09-16,Electrical,Preventive,2.7,1111.95
372,B023,2024-08-28,Elevator,Preventive,3.0,1129.08
373,B023,2022-08-17,HVAC,Preventive,0.8,281.07
374,B023,2022-12-03,Elevator,Corrective,1.3,266.8
375,B023,2022-05-07,Electrical,Preventive,5.7,535.89
376,B023,2020-05-18,HVAC,Preventive,4.3,1202.17
377,B024,2023-08-22,Electrical,Corrective,2.8,337.88
378,B024,2022-09-05,Boiler,Preventive,3.1,1047.03
379,B024,2020-09-23,Elevator,Corrective,1.3,1738.61
380,B024,2023-05-11,HVAC,Preventive,1.9,219.72
381,B024,2024-08-28,Elevator,Preventive,2.2,2992.18
382,B024,2023-09-23,HVAC,Preventive,5.7,2560.94
383,B024,2023-12-13,Boiler,Preventive,0.9,318.02
384,B024,2024-07-19,Boiler,Preventive,1.1,2008.76
385,B025,2024-01-06,Lighting,Preventive,2.1,999.34
386,B025,2020-11-01,Elevator,Preventive,4.2,754.47
387,B025,2024-09-10,Boiler,Preventive,2.3,236.64
388,B025,2023-07-28,Elevator,Preventive,1.6,2048.82
389,B025,2023-07-29,HVAC,Preventive,0.6,2039.15
390,B025,2023-11-08,Boiler,Preventive,2.5,985.33
391,B025,2024-11-21,HVAC,Preventive,3.3,1296.49
392,B025,2024-12-15,Lighting,Corrective,5.7,740.35
393,B025,2020-07-10,Lighting,Preventive,2.6,2872.88
394,B026,2023-03-27,Lighting,Corrective,2.8,710.77
395,B026,2023-05-14,Boiler,Preventive,1.2,367.86
396,B026,2024-03-10,Boiler,Corrective,0.9,2299.41
397,B026,2023-09-25,HVAC,Preventive,1.1,530.46
398,B026,2024-05-09,Elevator,Corrective,1.2,1439.09
399,B026,2024-11-15,Electrical,Preventive,2.8,473.8
400,B026,2020-06-12,Electrical,Preventive,0.9,1287.36
401,B026,2024-05-27,HVAC,Preventive,5.9,1133.97
402,B026,2023-11-07,Boiler,Preventive,5.8,2021.63
403,B026,2024-01-18,Elevator,Preventive,1.0,1133.76
404,B027,2020-07-25,HVAC,Preventive,4.0,1563.21
405,B027,2024-10-21,Electrical,Preventive,3.4,1915.94
406,B027,2020-01-22,Electrical,Preventive,2.2,1530.35
407,B027,2020-06-14,Lighting,Corrective,2.6,1092.26
408,B027,2024-11-21,Boiler,Corrective,3.4,1292.51
409,B027,2023-09-05,HVAC,Preventive,1.1,1972.1
410,B027,2022-07-30,Lighting,Preventive,4.9,394.56
411,B027,2020-09-21,Lighting,Preventive,4.2,860.23
412,B027,2023-07-10,Electrical,Preventive,2.4,822.2
413,B027,2023-08-05,Elevator,Corrective,5.6,2686.84
414,B027,2024-06-10,Boiler,Preventive,2.9,2027.01
415,B027,2023-11-12,Lighting,Preventive,1.4,355.97
416,B027,2023-10-26,Electrical,Preventive,1.9,771.59
417,B027,2021-08-04,HVAC,Preventive,1.2,1903.2
418,B027,2020-06-02,HVAC,Corrective,1.0,1810.01
419,B028,2024-08-10,Electrical,Preventive,3.4,2635.96
420,B028,2020-06-26,Electrical,Corrective,2.7,2234.26
421,B028,2022-09-22,Boiler,Corrective,5.0,1061.98
422,B028,2022-03-22,Elevator,Corrective,2.0,1611.64
423,B028,2024-05-31,HVAC,Preventive,0.7,2678.82
424,B028,2024-02-17,Lighting,Corrective,2.3,611.43
425,B028,2022-06-03,Boiler,Preventive,2.7,2305.54
426,B028,2021-01-15,Lighting,Preventive,3.0,2621.74
427,B028,2021-09-03,Lighting,Corrective,4.5,512.96
428,B029,2024-11-12,Elevator,Preventive,5.5,392.83
429,B029,2022-07-15,HVAC,Preventive,2.2,1306.5
430,B029,2020-06-14,Electrical,Preventive,3.4,1019.23
431,B029,2023-06-02,HVAC,Corrective,2.4,208.77
432,B029,2021-04-11,Boiler,Corrective,2.7,1031.43
433,B029,2023-12-03,HVAC,Preventive,5.4,968.12
434,B029,2021-06-24,Boiler,Corrective,2.4,1843.41
435,B029,2020-03-24,Elevator,Corrective,1.9,2017.53
436,B029,2024-05-14,Elevator,Preventive,0.8,441.92
437,B029,2023-07-15,Electrical,Preventive,5.1,1994.83
438,B029,2024-04-27,HVAC,Corrective,5.8,827.38
439,B029,2023-12-04,Elevator,Preventive,5.4,305.64
440,B029,2024-03-07,HVAC,Preventive,2.9,345.87
441,B029,2022-10-08,Elevator,Preventive,1.9,1525.86
442,B029,2021-12-04,Lighting,Corrective,3.7,1946.25
443,B030,2022-07-17,HVAC,Preventive,1.1,1870.26
444,B030,2021-06-25,Elevator,Preventive,3.7,1025.53
445,B030,2023-09-12,Lighting,Preventive,0.7,1310.91
446,B030,2021-01-20,HVAC,Preventive,2.6,365.03
447,B030,2024-07-13,Lighting,Preventive,4.1,2072.94
448,B030,2020-01-12,Electrical,Corrective,4.8,1946.99
449,B030,2022-02-09,Lighting,Preventive,5.2,963.28
450,B030,2023-12-18,Lighting,Preventive,4.3,1941.42
451,B030,2023-08-16,Elevator,Preventive,3.2,1422.71
452,B030,2024-10-16,Elevator,Corrective,1.6,823.67
453,B031,2020-10-20,Electrical,Corrective,5.8,1634.72
454,B031,2020-03-03,Electrical,Preventive,5.1,1890.91
455,B031,2023-09-29,HVAC,Preventive,5.1,1187.93
456,B031,2023-12-02,Elevator,Corrective,3.6,2596.32
457,B031,2024-08-11,Elevator,Corrective,3.6,1373.7
458,B031,2021-09-15,Elevator,Corrective,5.7,2961.69
459,B031,2023-01-17,Lighting,Preventive,1.1,1341.24
460,B031,2022-09-09,Electrical,Corrective,2.6,1873.6
461,B031,2022-06-03,Electrical,Corrective,5.7,1538.45
462,B031,2021-11-10,Lighting,Preventive,4.0,2089.32
463,B031,2024-06-07,Elevator,Preventive,0.7,2800.6
464,B031,2021-06-07,HVAC,Preventive,4.0,2082.69
465,B031,2021-07-11,Lighting,Corrective,4.2,1790.18
466,B031,2024-04-26,Elevator,Preventive,1.2,911.48
467,B031,2022-12-31,Elevator,Preventive,1.4,2094.6
468,B032,2023-06-14,Lighting,Preventive,1.6,1689.18
469,B032,2020-07-24,Electrical,Preventive,3.7,1335.51
470,B032,2023-02-08,HVAC,Preventive,0.5,1444.51
471,B032,2020-11-01,HVAC,Corrective,2.2,2599.86
472,B032,2021-05-03,Boiler,Preventive,5.8,1206.76
473,B032,2020-10-17,HVAC,Preventive,0.5,1774.7
474,B032,2022-07-09,Electrical,Preventive,5.0,2183.31
475,B032,2022-04-14,Elevator,Corrective,4.8,2089.82
476,B032,2020-07-31,Elevator,Corrective,6.0,2204.27
477,B032,2020-08-27,Elevator,Preventive,5.7,291.68
478,B032,2022-06-12,HVAC,Preventive,4.5,653.2
479,B032,2023-02-21,Boiler,Preventive,2.9,1337.58
480,B032,2022-03-07,Boiler,Preventive,2.0,465.63
481,B033,2020-03-12,Boiler,Corrective,4.9,2508.24
482,B033,2021-06-11,Elevator,Corrective,4.8,439.76
483,B033,2021-04-02,Lighting,Preventive,0.9,1499.35
484,B033,2021-10-12,HVAC,Preventive,3.0,552.4
485,B033,2020-02-05,Electrical,Preventive,1.4,2691.83
486,B033,2022-06-29,Boiler,Corrective,1.8,1693.69
487,B033,2024-03-23,HVAC,Preventive,2.7,2603.58
488,B033,2021-05-26,Lighting,Corrective,0.9,1164.01
489,B034,2024-01-14,HVAC,Preventive,0.7,1439.52
490,B034,2023-03-07,Boiler,Preventive,1.7,1448.63
491,B034,2020-10-17,Boiler,Preventive,5.1,2385.19
492,B034,2021-10-17,Lighting,Corrective,4.7,1536.29
493,B034,2020-09-21,Electrical,Preventive,1.2,2241.43
494,B034,2020-04-27,Boiler,Preventive,1.7,1257.02
495,B034,2020-01-27,Lighting,Preventive,1.0,420.32
496,B034,2021-12-07,HVAC,Preventive,4.0,2020.68
497,B034,2022-11-22,HVAC,Preventive,1.4,1315.95
498,B034,2022-08-20,Boiler,Corrective,2.9,2772.39
499,B034,2024-11-06,Boiler,Preventive,1.3,1032.32
500,B034,2022-11-27,Elevator,Corrective,3.2,2549.83
501,B034,2023-01-11,Electrical,Corrective,2.5,2746.41
502,B035,2021-11-14,HVAC,Corrective,1.9,2510.31
503,B035,2020-10-13,HVAC,Preventive,3.4,2258.29
504,B035,2023-11-27,Electrical,Preventive,0.8,2534.51
505,B035,2020-11-02,Elevator,Preventive,3.3,578.03
506,B035,2022-04-01,Lighting,Corrective,0.6,1923.32
507,B035,2020-11-28,Lighting,Preventive,3.9,588.22
508,B035,2020-08-18,Lighting,Preventive,2.9,1078.96
509,B035,2023-08-27,HVAC,Preventive,4.3,177.64
510,B036,2022-01-23,Boiler,Preventive,2.5,2641.32
511,B036,2021-09-29,Electrical,Corrective,1.0,319.28
512,B036,2021-01-07,Boiler,Corrective,1.2,626.94
513,B036,2021-04-12,Lighting,Corrective,3.6,562.26
514,B036,2024-04-22,HVAC,Preventive,3.5,849.14
515,B036,2024-06-24,HVAC,Preventive,1.6,2396.22
516,B036,2021-09-10,Boiler,Preventive,2.0,2952.91
517,B036,2020-06-09,Lighting,Preventive,2.2,615.09
518,B036,2022-03-05,Boiler,Corrective,5.7,2478.5
519,B036,2024-09-16,Electrical,Corrective,0.5,2312.92
520,B036,2020-12-21,HVAC,Corrective,1.5,1474.6
521,B036,2023-07-17,Electrical,Preventive,1.2,770.45
522,B037,2021-04-26,Lighting,Preventive,5.0,1683.05
523,B037,2022-05-18,Boiler,Preventive,3.6,620.37
524,B037,2023-07-10,HVAC,Corrective,1.7,2205.3
525,B037,2021-05-09,HVAC,Preventive,4.8,1929.3
526,B037,2024-12-12,Electrical,Preventive,0.7,890.31
527,B037,2021-09-16,Elevator,Preventive,1.3,880.57
528,B037,2024-03-31,Electrical,Preventive,3.2,2503.31
529,B037,2020-01-26,Elevator,Preventive,5.0,2925.77
530,B037,2020-12-03,Lighting,Corrective,1.1,1501.19
531,B037,2020-07-30,Elevator,Preventive,1.2,1718.74
532,B037,2024-12-03,Electrical,Preventive,1.9,896.43
533,B038,2022-01-24,Elevator,Corrective,5.5,1159.75
534,B038,2022-09-11,Electrical,Corrective,2.2,2234.35
535,B038,2024-06-04,Electrical,Preventive,1.4,1797.96
536,B038,2024-03-12,Electrical,Preventive,2.9,1272.52
537,B038,2021-09-09,Elevator,Corrective,2.0,1836.51
538,B038,2021-06-28,Electrical,Preventive,1.9,1230.31
539,B038,2023-03-22,Elevator,Preventive,2.6,2921.14
540,B038,2020-08-26,Boiler,Corrective,1.5,1738.76
541,B038,2024-04-24,Electrical,Preventive,5.7,990.82
542,B038,2022-01-25,Boiler,Preventive,3.3,2979.88
543,B038,2022-01-08,Electrical,Corrective,2.2,169.96
544,B038,2020-03-15,Electrical,Preventive,3.3,2566.99
545,B038,2023-05-01,Electrical,Preventive,3.3,386.8
546,B038,2021-11-24,Boiler,Corrective,4.3,2349.86
547,B039,2021-07-08,Elevator,Preventive,5.5,351.29
548,B039,2021-07-19,Elevator,Preventive,3.9,2871.61
549,B039,2023-03-15,Electrical,Corrective,5.9,465.78
550,B039,2020-03-28,Boiler,Corrective,1.0,2881.09
551,B039,2023-03-17,Lighting,Preventive,4.6,1192.29
552,B039,2022-09-05,Lighting,Corrective,0.5,1786.78
553,B039,2024-11-28,HVAC,Preventive,4.2,300.54
554,B039,2022-03-05,HVAC,Corrective,4.2,982.27
555,B039,2024-11-26,Boiler,Preventive,3.8,1193.91
556,B040,2020-10-20,Boiler,Corrective,5.9,1559.46
557,B040,2021-05-25,Elevator,Preventive,0.9,886.55
558,B040,2020-12-18,HVAC,Preventive,3.9,1348.84
559,B040,2022-07-03,HVAC,Corrective,4.6,176.33
560,B040,2021-11-01,Elevator,Preventive,2.3,1198.16
561,B040,2020-10-18,HVAC,Corrective,3.6,229.24
562,B040,2024-02-06,Elevator,Preventive,5.7,2365.72
563,B040,2021-01-21,Boiler,Preventive,3.7,2841.77
564,B040,2022-12-04,Electrical,Corrective,3.4,2666.92
565,B040,2022-07-31,Lighting,Preventive,5.2,2711.89
566,B041,2021-11-11,Boiler,Preventive,4.3,1832.02
567,B041,2022-01-21,Electrical,Corrective,5.1,2850.25
568,B041,2020-02-07,Boiler,Corrective,5.1,1256.0
569,B041,2023-01-25,HVAC,Preventive,5.2,2399.13
570,B041,2020-09-22,HVAC,Preventive,1.5,2190.43
571,B041,2021-08-28,Lighting,Preventive,2.5,748.29
572,B041,2022-11-28,Elevator,Corrective,5.7,330.66
573,B041,2020-10-09,HVAC,Preventive,4.6,2342.71
574,B041,2023-02-08,Boiler,Corrective,3.4,2096.41
575,B041,2023-08-01,Boiler,Corrective,3.3,2762.52
576,B041,2023-11-13,Boiler,Preventive,0.5,574.2
577,B041,2020-09-24,HVAC,Preventive,0.7,991.63
578,B042,2021-02-09,Lighting,Preventive,4.4,781.41
579,B042,2021-09-05,Lighting,Corrective,1.6,1832.44
580,B042,2023-06-25,Electrical,Preventive,4.5,1831.76
581,B042,2020-07-02,HVAC,Preventive,4.7,2728.88
582,B042,2023-02-21,Boiler,Preventive,2.6,2940.52
583,B042,2020-01-25,Electrical,Preventive,0.8,1106.37
584,B042,2021-08-21,Lighting,Corrective,5.8,2187.61
585,B042,2023-04-23,Boiler,Preventive,1.3,1551.53
586,B043,2020-07-03,Electrical,Preventive,2.8,399.05
587,B043,2024-10-17,Electrical,Corrective,4.4,2962.28
588,B043,2020-05-30,Elevator,Corrective,1.2,2083.36
589,B043,2024-03-05,Boiler,Corrective,1.6,2681.86
590,B043,2021-04-03,Elevator,Preventive,0.6,1700.36
591,B043,2020-01-11,Boiler,Corrective,2.2,2343.6
592,B043,2023-04-13,Elevator,Preventive,3.5,2469.83
593,B043,2022-04-20,Elevator,Preventive,3.2,917.59
594,B043,2021-08-29,HVAC,Preventive,0.9,929.57
595,B043,2023-09-07,Boiler,Corrective,3.3,502.49
596,B043,2021-11-22,Elevator,Preventive,4.9,769.61
597,B043,2024-11-05,Boiler,Preventive,3.5,1898.34
598,B043,2021-12-01,Boiler,Preventive,5.0,2927.73
599,B044,2023-09-08,Electrical,Corrective,1.9,2590.36
600,B044,2024-08-28,HVAC,Preventive,3.9,1015.43
601,B044,2024-01-23,Electrical,Corrective,4.7,1087.7
602,B044,2021-11-25,Boiler,Preventive,4.2,1727.31
603,B044,2023-01-15,Boiler,Corrective,0.8,2282.47
604,B044,2022-08-30,HVAC,Preventive,0.7,2106.39
605,B044,2024-07-04,HVAC,Preventive,4.4,151.45
606,B044,2023-04-30,HVAC,Preventive,5.4,490.19
607,B044,2023-02-15,Lighting,Preventive,4.4,1607.71
608,B045,2024-08-14,Electrical,Corrective,0.9,1678.75
609,B045,2020-01-24,Electrical,Preventive,2.3,559.58
610,B045,2020-07-13,Lighting,Corrective,4.8,1500.45
611,B045,2022-06-29,Boiler,Preventive,1.5,2796.03
612,B045,2020-07-17,Boiler,Preventive,1.4,1042.2
613,B045,2022-08-24,Electrical,Corrective,5.4,2035.93
614,B045,2021-07-18,HVAC,Preventive,2.1,485.01
615,B045,2023-08-24,Electrical,Preventive,0.7,418.3
616,B045,2023-09-29,HVAC,Preventive,3.4,1631.2
617,B046,2023-10-18,HVAC,Corrective,3.0,482.67
618,B046,2020-10-01,HVAC,Preventive,5.9,527.58
619,B046,2022-12-17,Boiler,Preventive,2.5,1097.09
620,B046,2021-08-24,Electrical,Corrective,1.5,936.66
621,B046,2021-04-14,Boiler,Preventive,5.8,356.03
622,B046,2024-12-13,Boiler,Corrective,1.8,944.31
623,B046,2022-08-23,HVAC,Corrective,4.2,675.46
624,B046,2020-12-24,Elevator,Preventive,3.3,2276.38
625,B046,2022-04-22,HVAC,Corrective,5.9,1596.01
626,B047,2023-07-15,HVAC,Corrective,1.4,403.98
627,B047,2022-06-22,HVAC,Preventive,1.3,2079.16
628,B047,2023-05-14,Electrical,Corrective,4.2,1246.34
629,B047,2020-09-11,Electrical,Preventive,1.6,334.22
630,B047,2024-10-22,HVAC,Preventive,1.7,670.16
631,B047,2022-05-13,Lighting,Preventive,3.4,1467.13
632,B047,2020-12-26,Lighting,Preventive,2.2,1498.3
633,B047,2021-01-11,Boiler,Corrective,2.4,1066.36
634,B047,2021-01-22,Lighting,Preventive,4.5,1000.77
635,B047,2024-04-24,Elevator,Corrective,2.9,2776.11
636,B047,2023-09-29,Electrical,Preventive,5.6,1365.74
637,B048,2023-01-11,Lighting,Preventive,4.8,2350.63
638,B048,2022-01-16,Boiler,Preventive,1.8,522.29
639,B048,2022-07-06,HVAC,Preventive,4.9,511.71
640,B048,2022-06-08,Lighting,Preventive,2.4,2373.56
641,B048,2020-11-14,Lighting,Corrective,2.3,2969.22
642,B048,2024-10-26,HVAC,Preventive,2.0,342.09
643,B048,2020-09-29,Boiler,Corrective,5.6,1843.82
644,B048,2020-01-16,Boiler,Corrective,5.0,1497.78
645,B048,2022-05-27,Boiler,Preventive,5.7,1364.49
646,B048,2023-10-01,Boiler,Preventive,5.5,548.36
647,B048,2021-07-03,Boiler,Corrective,5.0,2721.46
648,B049,2022-02-02,HVAC,Preventive,2.9,2859.12
649,B049,2021-01-24,Lighting,Preventive,1.4,1864.59
650,B049,2020-04-27,Boiler,Preventive,2.4,302.69
651,B049,2024-08-30,Boiler,Preventive,2.8,1020.06
652,B049,2022-01-12,HVAC,Preventive,3.3,643.07
653,B049,2021-05-23,HVAC,Preventive,1.8,1651.81
654,B049,2021-10-06,Elevator,Preventive,2.7,2692.04
655,B049,2021-01-19,Boiler,Preventive,0.5,2708.93
656,B049,2024-03-24,Electrical,Corrective,5.6,1661.47
657,B049,2023-05-24,Boiler,Corrective,5.6,281.88
658,B049,2023-01-13,HVAC,Corrective,1.8,740.0
659,B049,2023-06-24,Electrical,Preventive,0.6,2184.29
660,B049,2023-12-11,Boiler,Corrective,3.7,1354.22
661,B049,2022-03-07,HVAC,Corrective,2.0,2418.48
662,B050,2023-03-03,Electrical,Preventive,1.9,851.08
663,B050,2024-06-15,Electrical,Corrective,5.8,833.81
664,B050,2024-11-10,Elevator,Preventive,2.9,2413.18
665,B050,2021-08-10,Boiler,Corrective,3.8,2462.97
666,B050,2021-12-21,Boiler,Preventive,5.0,171.71
667,B050,2023-04-10,HVAC,Corrective,2.0,2135.07
668,B050,2024-05-13,Boiler,Preventive,3.0,495.94
669,B050,2022-04-07,Electrical,Corrective,6.0,1606.28
670,B050,2023-09-12,Lighting,Preventive,5.4,2758.51
671,B050,2024-01-26,HVAC,Preventive,3.2,366.99
672,B050,2021-02-16,Elevator,Corrective,2.4,1234.04
673,B050,2020-09-09,Elevator,Preventive,3.0,1997.4
674,B050,2021-08-05,Elevator,Preventive,4.7,1160.53
675,B050,2024-05-06,Boiler,Preventive,3.9,1112.94
